Утюги,Утюг Philips GC4902/20 Azur,28,5990,"https://avatars.mds.yandex.net/get-mpic/1045304/img_id2853684647620801192.jpeg/orig
https://avatars.mds.yandex.net/get-mpic/331398/img_id8246593773591983918.jpeg/orig
https://avatars.mds.yandex.net/get-mpic/931379/img_id341866093774382890.jpeg/orig
https://avatars.mds.yandex.net/get-mpic/1514097/img_id1414147532923482561.jpeg/orig"
Утюги,Утюг Morphy Richards 305003,9,7490,"https://avatars.mds.yandex.net/get-mpic/1680954/img_id5149566984970483690.jpeg/orig
https://avatars.mds.yandex.net/get-mpic/2016828/img_id8493261457438307773.jpeg/orig
https://avatars.mds.yandex.net/get-mpic/2016828/img_id2505668309920087378.jpeg/orig"
Микроволновые печи,Микроволновая печь LG MS-20R42D,18,5650,https://avatars.mds.yandex.net/get-mpic/200316/img_id7264249074786102271/orig
Утюги,Утюг Scarlett SC-SI30K37,4,1390,"https://avatars.mds.yandex.net/get-mpic/933699/img_id6223852996489722954.jpeg/orig
https://avatars.mds.yandex.net/get-mpic/1220464/img_id5659226112129131279.png/orig
https://avatars.mds.yandex.net/get-mpic/1042102/img_id2650787042643474449.png/orig"
Кофеварки и кофемашины,Кофемашина Nespresso C30 Essenza Mini,2,5790,https://avatars.mds.yandex.net/get-mpic/466729/img_id6038157891734165585.jpeg/orig
Кофеварки и кофемашины,Кофемашина De'Longhi Magnifica ECAM 22.110,4,29990,"https://avatars.mds.yandex.net/get-mpic/96484/img_id6870797234762623878/orig
https://avatars.mds.yandex.net/get-mpic/1111879/img_id6199842565855299072.jpeg/orig
https://avatars.mds.yandex.net/get-mpic/1345185/img_id3297466092102646299.jpeg/orig"